﻿<Books>
  <Book ID="1">
    <ID>1</ID>
    <Name>Computer Programming</Name>
    <Desc>Computer Programing Book for learning programming language.</Desc>
    <Price>$4.69</Price>
  </Book>
  <Book ID="2">
    <ID>2</ID>
    <Name>Advance Computer Programing</Name>
    <Desc>The best book for learning java</Desc>
    <Price>$5.00</Price>
  </Book>
  <Book ID="3">
    <ID>3</ID>
    <Name>Gambardella, Matthew</Name>
    <Desc>XML Developer's Guide.</Desc>
    <Price>$8.90</Price>
  </Book>
  <Book ID="4">
    <ID>4</ID>
    <Name>James McGovern</Name>
    <Desc>The First Book.</Desc>
    <Price>$7.08</Price>
  </Book>
  <Book ID="5">
    <ID>5</ID>
    <Name>Per Bothner</Name>
    <Desc>The least poetic poems of the decade.</Desc>
    <Price>$10.15</Price>
  </Book>
  <Book ID="6">
    <ID>6</ID>
    <Name>Kurt Cagle</Name>
    <Desc>An amazing story of nothing.</Desc>
    <Price>$6.01</Price>
  </Book>
  <Book ID="7">
    <ID>8</ID>
    <Name>Vaidyanathan Nagarajan</Name>
    <Desc>Becoming Somebody.</Desc>
    <Price>$6.04</Price>
  </Book>
  <Book ID="8">
    <ID>8</ID>
    <Name>Erik T. Ray</Name>
    <Desc>Switzerland and the Netherlands.</Desc>
    <Price>$3.06</Price>
  </Book>
  <Book ID="9">
    <ID>9</ID>
    <Name>Nagata, Suanne</Name>
    <Desc>A masterpiece of the fine art of gossiping.</Desc>
    <Price>$4.05</Price>
  </Book>
  <Book ID="10">
    <ID>10</ID>
    <Name>Oberg, Bruce</Name>
    <Desc>The Poet's First Poem.</Desc>
    <Price>$3.06</Price>
  </Book>
</Books>